{
  "version": 1,
  "author": "K H",
  "editor": "wokwi",
  "parts": [
    { "type": "wokwi-esp32-devkit-v1", "id": "esp", "top": 0, "left": 0, "attrs": {} },
    {
      "type": "wokwi-dht22",
      "id": "dht1",
      "top": 102.4,
      "left": 272.28,
      "attrs": { "temperature": "22.6", "humidity": "52" }
    },
    {
      "type": "wokwi-photoresistor-sensor",
      "id": "ldr1",
      "top": 125.54,
      "left": -210.09,
      "attrs": {}
    },
    {
      "type": "wokwi-buzzer",
      "id": "bz1",
      "top": -38.06,
      "left": -153.38,
      "attrs": { "volume": "0.1" }
    },
    {
      "type": "wokwi-resistor",
      "id": "r1",
      "top": 63.64,
      "left": -86.39,
      "attrs": { "value": "1000" }
    },
    { "type": "wokwi-servo", "id": "servo1", "top": -23.2, "left": 177.2, "attrs": {} }
  ],
  "connections": [
    [ "esp:TX0", "$serialMonitor:RX", "", [] ],
    [ "esp:RX0", "$serialMonitor:TX", "", [] ],
    [ "dht1:VCC", "esp:3V3", "red", [ "v1.08", "h-75.84" ] ],
    [ "dht1:SDA", "esp:D15", "green", [ "v-11.52", "h-172.56" ] ],
    [ "dht1:GND", "esp:GND.1", "black", [ "v-21.28", "h-201.34" ] ],
    [ "ldr1:VCC", "esp:3V3", "red", [ "h0" ] ],
    [ "ldr1:GND", "esp:GND.1", "black", [ "h0" ] ],
    [ "ldr1:AO", "esp:D35", "green", [ "h0" ] ],
    [ "bz1:1", "esp:GND.2", "green", [ "v0" ] ],
    [ "bz1:2", "r1:1", "green", [ "v0" ] ],
    [ "esp:D27", "r1:2", "green", [ "h0" ] ],
    [ "servo1:PWM", "esp:D21", "green", [ "h-19.25", "v13.43" ] ],
    [ "servo1:V+", "esp:3V3", "green", [ "h0" ] ],
    [ "esp:GND.1", "servo1:GND", "black", [ "h0" ] ]
  ],
  "dependencies": {}
}